x1,x2,y
-119.3666687,115,1
-101.1080445,97.77715859,1
-130.2786583,106.767654,1
-114.7034152,101.1954767,1
-119.3666687,115,1
-121.3936378,120.0375733,1
-102.5699178,113.840641,1
-118.175619,110.4606786,1
-118.3666687,115,1
-102.7311426,122.923042,1
-126.4304794,110.9972395,1
-112.1058612,106.6779773,1
-117.3666687,115,1
-131.743267,95.02243221,1
-123.7345918,133.6684975,1
-115.3666687,115,1
-100.1873934,123.9829801,1
-132.2558254,97.79989004,1
-100.1327993,107.2298794,1
-109.3666687,108,1
-113.876709,116.7323995,1
-113.9811711,118.2631743,1
-122.1567319,90.47699342,1
-104.3666687,102,1
-97.1350869,90.1640423,1
-108.6451895,100.0256298,1
-90.49481226,114.6179342,1
-102.3666687,100,1
-100.1636958,91.03527394,1
-99.55593938,113.9487383,1
-109.7158778,116.484004,1
-100.3666687,99,1
-108.5365041,104.5513492,1
-113.229246,93.58527653,1
-113.6088035,88.77169867,1
-99.3666687,97,1
,116.138522,1
-93.67672295,102.4377613,1
-113.9488859,98.87911982,1
-97.3666687,94,1
-106.6659993,102.5483631,1
-104.0730035,80.67861838,1
-110.112289,103.4870253,1
-94.3666687,88,1
-99.6275223,,1
-90.34311886,91.33186857,1
-97.35585419,81.51331488,1
-91.3666687,84,1
-100.2538404,82.94448421,1
-103.1297104,67.21389845,1
-90.52921558,67.16184226,1
-90.3666687,81,1
-101.9491504,70.60008629,1
-90.99816521,69.09110225,1
-107.3978492,100.6991472,1
-86.3666687,76,1
-91.16664217,87.74875173,1
-68.75038345,69.79036253,1
-84.38857561,89.77772122,1
-82.3666687,71,1
-67.6812011,68.94105061,1
-67.6148072,67.05440981,1
-99.5082649,88.32236646,1
-81.3666687,68,1
-91.7773029,78.06798598,1
-90.59082008,66.03424896,1
-84.13725004,52.58248264,1
-77.3666687,63,1
-90.36505495,76.3123963,1
-67.86194462,48.42053552,1
-95.83040135,51.9313035,1
-74.3666687,60,1
-63.55239072,60.79238997,1
-80.63193599,41.69075061,1
-72.30067663,59.73003112,1
-72.3666687,58,1
-87.10094535,76.87317481,1
-68.17069384,73.98322702,1
-91.48446984,58.6777438,1
-71.3666687,56,1
-91.06011341,53.47944993,1
-81.71532286,41.57078523,1
-90.83208475,57.74718603,1
-69.3666687,54,1
-86.38607708,36.93101058,1
-73.77469312,65.38123781,1
-69.48014225,39.53137659,1
-67.3666687,51,1
-67.11434761,55.69688323,1
-75.43602173,62.21450451,1
-68.88051916,61.18887014,1
-66.3666687,50,1
-56.6097686,51.85271215,1
-83.67971482,44.78813444,1
-77.17294122,41.80193067,1
-64.3666687,49,1
-68.46065837,62.76098663,1
-62.13246057,50.09461203,1
,36.90540167,1
-62.3666687,46,1
-72.72103124,43.62639439,1
-80.77147176,63.14543083,1
-48.56678107,44.45407848,1
-58.3666687,40,1
-60.63283141,48.70046973,1
-38.97297313,40.81214486,1
-66.81731062,35.58187087,1
-54.3666687,35,1
-37.50167227,18.22149111,1
-61.41527564,33.77096108,1
-68.14944985,38.2387272,1
-47.3666687,29,1
-28.37832983,12.46186625,1
-46.68482159,25.94435193,1
-45.1795952,47.23636469,1
-44.3666687,26,1
-31.06738371,15.72270076,1
-57.38097021,38.2666938,1
-49.85598774,14.62162579,1
-42.3666687,25,1
-61.46814081,38.48987105,1
-30.18968623,43.5583748,1
-28.86084321,16.15061291,1
-41.3666687,22,1
-39.495833,13.2284779,1
-39.73815544,31.62522837,1
-52.65281942,15.19439034,1
-31.3666687,16,1
-33.12619722,7.454142342,1
-23.50847751,2.811700557,1
-19.3480261,24.22037338,1
-13.3666687,3,1
4.560583611,22.87193158,1
1.277490195,22.64029462,1
-0.03558701,-10.88355955,1
-7.366668701,-1,1
4.488127804,-16.84095192,1
-17.24720435,9.040686754,1
12.59932728,3.399059492,1
-3.366668701,-5,1
-2.447495612,-14.36744961,1
3.52496288,8.707448446,1
-20.19159033,-23.61730748,1
1.633331299,-9,1
8.906721533,-13.95283496,1
-11.05923368,-0.90038855,1
-5.301726536,-23.36570557,1
6.633331299,-16,1
17.64227072,-2.76670377,1
26.07682268,-5.193962354,1
10.73363987,-26.62884235,1
11.6333313,-21,1
-4.463048375,-19.77563635,1
28.08770336,-6.567460576,1
22.25502057,-2.284741403,1
14.6333313,-25,1
15.01986467,-34.90774431,1
27.45855862,-9.333210801,1
32.72309846,-38.48608567,1
20.6333313,-31,1
33.42124041,-33.05215468,1
4.163383454,-23.99429239,1
28.1117423,-25.15463521,1
24.6333313,-37,1
21.20565279,-22.6527631,1
31.553658,-38.07792587,1
8.789692956,-51.99880887,1
30.6333313,-44,1
13.21469182,-53.53584083,1
35.497722,-39.36113485,1
43.20927901,-44.65403113,1
35.6333313,-51,1
27.35065744,-49.88857681,1
48.30980602,-58.08536399,1
18.8813018,-61.71953028,1
38.6333313,-55,1
50.77801973,-69.43654428,1
42.94288047,-67.01426214,1
43.3289065,-72.79345663,1
42.6333313,-60,1
60.49541383,-77.7703965,1
54.00374031,-60.14402467,1
24.95997901,-53.76932035,1
46.6333313,-64,1
27.65707416,-80.51931528,1
51.25848178,-82.77738283,1
66.33431702,-62.14015209,1
48.6333313,-66,1
37.55486907,-53.75186048,1
53.44511196,-54.55606073,1
56.33084772,-49.74951814,1
50.6333313,-68,1
52.0504408,-62.42963283,1
50.63356038,-79.806939,1
40.68364918,-63.54836476,1
52.6333313,-70,1
69.30377323,-77.1816432,1
36.49437472,-89.5192965,1
49.23119852,-79.43243203,1
54.6333313,-72,1
67.53803307,-84.6883528,1
44.71812413,-71.30741155,1
71.29055271,-82.54644209,1
59.6333313,-75,1
72.68262725,-82.54020808,1
56.34022404,-60.76028313,1
70.69807589,-55.05498323,1
62.6333313,-77,1
46.79533043,-65.48589548,1
53.14443746,-84.02240352,1
73.99394862,-65.89489052,1
66.6333313,-79,1
81.5500423,-65.10206391,1
46.87288107,-70.20624134,1
84.21805934,-84.48000313,1
69.6333313,-82,1
57.20790888,-65.96516666,1
86.06493421,-90.54174633,1
70.05540181,-89.76791047,1
72.6333313,-83,1
58.1633663,-63.48092837,1
72.38918352,-83.10094344,1
72.57109438,-88.1983977,1
77.6333313,-87,1
93.36397477,-86.72229612,1
80.6013356,-97.97975384,1
63.22282605,-89.59072717,1
82.6333313,-91,1
74.63394097,-71.22053183,1
80.09405415,-87.95215429,1
67.56916852,-81.66114876,1
87.6333313,-95,1
68.25725361,-111.3396373,1
70.89550052,-89.98421079,1
80.8916021,-82.18768176,1
91.6333313,-99,1
84.55782534,-103.3471634,1
110.5950419,-106.2037838,1
93.45940599,-107.9335546,1
94.6333313,-102,1
78.44627038,-92.32407888,1
109.2058844,-96.33383477,1
109.9190091,-114.1432021,1
97.6333313,-104,1
88.91901313,-122.9501076,1
105.1670382,-112.6287105,1
97.09701297,-90.62598736,1
101.6333313,-108,1
107.5800142,-105.164957,1
109.9754218,-126.9991142,1
86.33928758,-123.3148114,1
106.6333313,-112,1
113.7760497,-120.4725919,1
105.9891618,-111.7575069,1
93.08806521,-127.7459384,1
108.6333313,-113,1
123.8755016,-126.8924463,1
90.41037484,-94.0568262,1
121.9430571,-118.4970844,1
111.6333313,-115,1
119.4444841,-130.9400673,1
121.2434609,-114.1404122,1
112.5392518,-120.0804177,1
113.6333313,-117,1
125.5712468,-111.681374,1
103.1350143,-119.8005863,1
97.70364089,-130.4498817,1
115.6333313,-119,1
,-116.385719,1
123.018009,-112.3492433,1
96.30376634,-114.7159461,1
116.6333313,-120,1
97.07086481,-132.6860328,1
131.5131615,-105.9140176,1
127.693552,-107.8320059,1
117.6333313,-121,1
117.9017374,-125.7526849,1
99.82480853,-122.0555513,1
106.1319805,-127.6228951,1
116.6333313,-121,1
123.704661,-116.3554895,1
127.6691125,-111.7067339,1
103.6333313,-113,1
119.8756373,-129.4133553,1
103.1368377,-112.8797312,1
94.42398343,-132.013273,1
86.6333313,-102,1
103.1709412,-117.5522975,1
87.94526801,-97.61836813,1
103.1861701,-92.68804061,1
78.6333313,-98,1
95.10978137,-93.02924537,1
85.50237577,-84.14083452,1
62.53005718,-86.46184862,1
71.6333313,-93,1
85.36021931,-102.0306634,1
60.96236475,-99.65682956,1
61.05778478,-101.0577485,1
61.6333313,-84,1
79.55851363,-68.68105412,1
71.77202691,-79.90567738,1
53.59901608,-89.01244005,1
53.6333313,-79,1
68.05114192,-74.63159422,1
72.49445326,-80.61225575,1
54.20840067,-75.45256146,1
48.6333313,-75,1
64.69300959,-71.39494672,1
30.23951041,-55.7637606,1
57.79492933,-78.21848335,1
35.6333313,-66,1
37.38130212,-46.64809212,1
30.33326039,-81.50245987,1
31.07723367,-68.45639618,1
31.6333313,-61,1
35.48299458,-60.32218388,1
44.82256317,-54.59976371,1
21.53002508,-73.76597646,1
25.6333313,-55,1
38.3053275,-42.6387728,1
31.93052608,-72.61003914,1
37.69282829,-40.38535297,1
16.6333313,-48,1
26.35804301,-38.04105763,1
1.88786583,-36.68715933,1
13.39149096,-66.96293653,1
12.6333313,-43,1
26.17284097,-33.88870915,1
29.3954615,-57.43227471,1
12.45622339,-33.58612221,1
7.633331299,-38,1
26.0235802,-18.85018741,1
-2.98562487,-56.98656516,1
-0.388741576,-19.78657865,1
3.633331299,-34,1
-5.635626362,-18.47315298,1
0.606765579,-34.65254889,1
-6.653299242,-40.55178306,1
0.633331299,-31,1
-4.435809608,-28.97413679,1
-11.10309324,-17.47344327,1
-19.3444253,-26.99428615,1
-5.366668701,-24,1
-0.46739944,-16.01772518,1
-8.08889061,-24.20599929,1
-10.28116371,-11.21454787,1
-11.3666687,-18,1
-26.07345755,-31.25754113,1
3.677465357,-23.91583444,1
-3.117532735,-2.644629403,1
-17.3666687,-13,1
-37.23153756,-13.02757766,1
-20.06759104,-11.38360219,1
-16.33950643,-1.09230184,1
-23.3666687,-6,1
-11.37922924,-12.27062242,1
-10.08539436,-0.170826059,1
-34.92886708,-18.31272001,1
-26.3666687,-3,1
-17.5688555,-22.67032286,1
-40.71602884,-0.203009245,1
-36.8108033,-14.82442766,1
-30.3666687,2,1
-42.86437846,5.418779187,1
-22.67434689,-16.61969291,1
-43.49471114,12.41989585,1
-35.3666687,7,1
-28.73749007,-0.217475203,1
-45.47867156,13.57516288,1
-29.24400949,10.06396231,1
-37.3666687,9,1
-45.19303249,24.42364237,1
-52.35819705,9.279599449,1
-27.14389452,9.042688008,1
-41.3666687,13,1
-36.38991934,25.29617985,1
-58.65471892,10.87834788,1
-53.10142006,9.753031991,1
-44.3666687,15,1
-47.19969979,12.33648081,1
-51.76631641,13.58650742,1
-59.83720602,15.84764743,1
-49.3666687,21,1
-59.8249808,27.77661511,1
-53.10849284,37.63140818,1
-67.6292176,7.040045741,1
-53.3666687,25,1
-73.21442825,22.18997773,1
-61.83928533,26.10847327,1
-44.21195297,19.80430668,1
-61.3666687,34,1
-46.23726587,38.9433235,1
-70.51565712,42.09561379,1
-66.77856518,30.13918658,1
-65.3666687,40,1
-58.33586173,21.03530068,1
-67.49415623,45.92071072,1
-58.99257654,22.10440449,1
-70.3666687,45,1
-73.51692729,43.09744674,1
-54.31932397,49.61333405,1
-57.10310328,25.05400435,1
-75.3666687,50,1
-59.90093357,44.21260081,1
-87.27916288,43.02369388,1
-74.82455,55.05828962,1
-79.3666687,54,1
-76.20594033,60.85141391,1
-91.88987923,49.15113702,1
-77.71043677,50.92085506,1
-81.3666687,57,1
-65.19199245,76.14090211,1
-75.20283394,47.34869338,1
-71.2380192,45.40422672,1
-85.3666687,61,1
-76.86404762,67.24234606,1
-105.2828808,60.81287776,1
-71.08284651,80.48047265,1
-87.3666687,65,1
-86.64638983,55.01555452,1
-75.64100494,68.09463937,1
-81.60780862,81.34589515,1
-90.3666687,69,1
-79.0251486,62.55201552,1
-94.86586568,76.6672632,1
-98.26105276,57.85296277,1
-93.3666687,75,1
-82.958907,80.36207019,1
-82.04805056,56.24828443,1
-111.0020498,84.54004916,1
-97.3666687,80,1
-93.57099474,69.09707511,1
-115.7580816,90.19450543,1
-95.6797339,61.87625761,1
-99.3666687,83,1
-94.18328744,95.84331564,1
-112.7219858,94.87952271,1
-94.19796988,77.82132894,1
-102.3666687,88,1
-84.75476446,92.54039466,1
-96.65633973,75.28565018,1
-106.4262248,102.3459008,1
-105.3666687,90,1
-102.035795,87.28897191,1
-114.7265853,74.06256905,1
-103.0210548,70.34523528,1
-108.3666687,95,1
-105.8105819,88.70878703,1
-125.1727494,102.3277966,1
-126.1355278,106.6232673,1
-110.3666687,98,1
-109.6597881,116.3244011,1
-97.09949428,90.22993001,1
-105.6459216,79.69623007,1
-111.3666687,100,1
-98.17192332,100.4420157,1
-117.8729659,84.22293612,1
-117.5393725,91.49845637,1
-114.3666687,102,1
-129.1193096,102.5902445,1
-115.6255916,108.2895996,1
-133.3125357,114.0070645,1
-115.3666687,104,1
-130.8038271,93.16248947,1
-120.9700375,101.8805212,1
-112.8112379,95.38686856,1
-117.3666687,105,1
-98.97110232,116.0630252,1
-119.9640455,95.35025527,1
-118.3666687,106,1
-130.999757,109.2254161,1
-108.4652792,120.4238324,1
-99.53248948,96.19038493,1
-118.3666687,107,1
-133.1592492,126.5544969,1
-105.1383079,124.8727842,1
-101.7709927,105.3541713,1
-118.3666687,107,1
-113.6745815,99.20981367,1
-112.5568943,121.1457396,1
-119.3666687,108,1
-130.4703532,127.5007685,1
-125.4201745,124.9478217,1
-124.0504,98.37069412,1
-118.3666687,107,1
-119.2420633,88.52950982,1
-133.7931048,108.8179085,1
-111.2634299,93.77296362,1
-118.3666687,132,1
-113.5480348,117.9395318,1
-118.3666687,132,1
-99.1249124,121.5315725,1
-110.5883721,123.2866978,1
-116.3666687,131,1
-107.8735485,134.8726535,1
-113.3666687,128,1
-129.8890152,125.3082377,1
-116.3533215,121.5205706,1
-108.3666687,123,1
-114.5710474,115.6786015,1
-113.3905001,127.7053599,1
-106.7839982,119.5807906,1
-105.3666687,118,1
-88.09023449,110.2357647,1
-104.8925706,109.5663827,1
-108.5492862,126.3827466,1
-103.3666687,114,1
-122.7759722,130.9585348,1
-123.1298773,116.3643009,1
-91.76872208,99.54192714,1
-99.3666687,107,1
-83.10804533,126.2646499,1
-88.66473846,122.3563542,1
-102.3618316,114.0524684,1
-94.3666687,99,1
-101.5185668,97.11278103,1
-78.96746441,116.5119996,1
-81.00913318,94.86446391,1
-91.3666687,94,1
-79.13855206,101.9511762,1
-77.26271324,99.70523829,1
-90.61354188,101.7127865,1
-86.3666687,86,1
-105.0344603,102.404021,1
-87.55713607,103.9881665,1
-81.42136353,86.26310125,1
-80.3666687,79,1
-91.52831438,77.15022151,1
-80.98620338,74.01462112,1
-91.70995475,63.62249821,1
-79.3666687,77,1
-83.05540088,60.09298076,1
-70.53136474,82.05210052,1
-84.46813553,76.59270461,1
-77.3666687,75,1
-86.32002782,68.44219389,1
-74.92096064,82.98781837,1
-82.79760557,78.45898562,1
-71.3666687,68,1
-80.63337144,82.5540868,1
-74.30367828,84.45815073,1
-87.21545435,80.91853451,1
-62.3666687,60,1
-63.76437946,64.37876031,1
-79.62154768,69.31313357,1
-78.43007265,79.89639691,1
-58.3666687,57,1
-43.92748346,67.4892205,1
-47.56852228,38.01986656,1
-50.42571793,59.9503286,1
-53.3666687,52,1
-55.61560509,36.7363267,1
-50.78322615,56.39138422,1
-37.45266486,43.44775402,1
-47.3666687,47,1
-31.86851384,59.79624387,1
-41.29107129,54.45134809,1
-50.94971188,54.76499445,1
-43.3666687,44,1
-46.8184707,46.86273581,1
-48.61509472,27.29052402,1
-44.11099136,43.20006137,1
-36.3666687,39,1
-24.96172935,23.08679357,1
-48.79671837,32.83835492,1
-23.24647473,52.9403149,1
-29.3666687,35,1
-43.08223425,40.84747,1
-38.31421179,53.93613151,1
-29.85824216,49.75414802,1
-22.3666687,32,1
-41.81815211,12.51987034,1
-11.94036952,15.69483749,1
-13.1692712,48.99589982,1
-20.3666687,30,1
-39.87838941,35.06297785,1
-39.24322031,47.2585672,1
-12.05332979,45.72782143,1
-17.3666687,28,1
-11.38891265,27.23655004,1
-16.49715105,12.16970848,1
-21.54532049,10.12834072,1
-15.3666687,26,1
-0.134339036,12.73890116,1
-20.89536562,13.73477464,1
-5.930336139,15.11896658,1
-11.3666687,23,1
-26.64317384,32.14303862,1
-12.85919658,28.21386652,1
-3.779815052,7.678715412,1
-8.366668701,21,1
7.864949559,2.76370709,1
-25.5606966,29.63489883,1
-2.837590346,19.22988297,1
1.633331299,12,1
20.3816368,29.87193256,1
-6.172996306,0.216457051,1
-0.128908154,4.580962585,1
11.6333313,2,1
6.942511847,21.10512559,1
21.23042835,21.31459357,1
-3.422956291,-16.79297765,1
22.6333313,-8,1
10.78568438,6.54281628,1
18.58310953,-1.827336136,1
16.41195732,-22.04443657,1
28.6333313,-13,1
18.23607747,-16.44226736,1
29.31389757,0.026168192,1
24.93382261,-31.00934411,1
31.6333313,-16,1
29.0403711,-17.66114923,1
17.24744765,-18.66928227,1
44.19976508,-33.22931775,1
31.6333313,-18,1
18.77242129,-25.49790756,1
34.49109472,-15.93857782,1
38.15945441,-10.50007987,1
34.6333313,-25,1
22.19389329,-35.28825956,1
46.16127499,-40.0474734,1
27.37578008,-6.619528517,1
41.6333313,-37,1
40.38346801,-47.22856402,1
26.04085241,-36.73571161,1
30.91160887,-17.2107205,1
44.6333313,-41,1
63.6504839,-49.87541701,1
35.88274752,-34.62327166,1
51.46166245,-38.72951726,1
48.6333313,-46,1
55.85975697,-30.06985146,1
43.68915916,-38.07755193,1
42.60893261,-29.19083715,1
54.6333313,-51,1
58.19460532,-51.95399706,1
55.30958171,-56.88184868,1
67.74959802,-55.52710985,1
58.6333313,-55,1
40.88994709,-58.43029351,1
67.41329702,-55.33112576,1
57.92583197,-71.88306033,1
63.6333313,-60,1
72.95206588,-58.61548311,1
62.1815911,-53.34117518,1
53.83450421,-67.49129289,1
67.6333313,-65,1
49.39394748,-55.29990639,1
76.34535065,-49.13868478,1
69.99565645,-54.67218922,1
69.6333313,-68,1
77.45112016,-82.10793112,1
89.10815509,-71.22076021,1
89.47702369,-49.9758928,1
75.6333313,-74,1
90.33371389,-67.2985726,1
66.92325059,-78.58727974,1
83.02987185,-63.93241122,1
80.6333313,-77,1
84.99712696,-86.90388297,1
95.14231765,-69.45335702,1
94.1264486,-80.55595853,1
89.6333313,-84,1
100.2527578,-69.53791202,1
87.60876776,-93.69891659,1
71.7971103,-81.41078754,1
97.6333313,-89,1
109.1927081,-71.85631728,1
117.0852257,-102.4809386,1
117.0193796,-85.65832442,1
103.6333313,-95,1
107.9821356,-112.537482,1
96.93280764,-84.32280861,1
87.18634011,-79.40890902,1
108.6333313,-100,1
123.8567839,-89.83994191,1
107.6755012,-116.4370075,1
91.44169658,-108.4260467,1
115.6333313,-107,1
107.3764335,-120.1709526,1
134.5086874,-94.17114139,1
131.468914,-97.76099395,1
119.6333313,-110,1
127.2652337,-100.8016432,1
122.6333313,-114,1
106.8283575,-129.6761472,1
110.6889624,-94.0861778,1
122.6080808,-122.4876152,1
124.6333313,-116,1
117.231544,-97.08891811,1
121.8927973,-110.6713226,1
126.6333313,-118,1
111.3128817,-132.7562813,1
113.3735676,-116.4547143,1
120.9099216,-111.9945972,1
126.6333313,-119,1
116.0972705,-104.5524635,1
127.1601813,-113.258537,1
128.6333313,-120,1
125.1294702,-115.9298293,1
124.5169633,-100.0025968,1
129.6333313,-121,1
130.6395795,-134.1243972,1
117.8821674,-103.0550632,1
129.6333313,-122,1
129.9364241,-132.7451356,1
117.2047214,-132.1022055,1
129.6333313,-122,1
129.7310712,-129.6197299,1
120.5438754,-110.8416328,1
127.9979809,-126.4495013,1
-90.3666687,104,1
-86.70678669,93.66724192,1
-100.1838194,102.1266201,1
-71.80051885,114.1221476,1
-88.3666687,103,1
-89.94263824,103.7355435,1
-97.0013666,119.8158737,1
-68.39343738,113.125739,1
-86.3666687,101,1
-104.489387,107.7155856,1
-101.8819691,112.9533634,1
-92.54412667,103.7397307,1
-83.3666687,97,1
-86.03415145,113.518821,1
-76.29037774,113.8427439,1
-89.95447335,109.165467,1
-80.3666687,93,1
-70.91873125,96.84105309,1
-72.19712872,108.5698754,1
-61.79822815,99.13336374,1
-76.3666687,89,1
-58.54019095,85.3956241,1
-84.34914988,87.35700532,1
-76.91037076,107.8602959,1
-73.3666687,84,1
-89.60495934,76.45659825,1
-89.70661194,95.55358386,1
-85.03823618,91.98106474,1
-70.3666687,80,1
-69.90948144,96.12206945,1
-79.69812731,72.74839259,1
-79.76666525,95.85006295,1
-68.3666687,77,1
-70.25815613,73.65940874,1
-58.72590361,79.22280496,1
-56.2558665,66.72633108,1
-66.3666687,72,1
-81.57359284,68.43340204,1
-81.49847851,73.22940119,1
-49.36988267,72.92442277,1
-63.3666687,69,1
-73.4644484,58.89667996,1
-69.01399024,62.17163721,1
-50.70797265,84.63728526,1
-58.3666687,59,1
-76.66287171,61.33066668,1
-52.2750551,44.85170614,1
-67.05264379,53.59504058,1
-54.3666687,52,1
-71.19223344,64.79426201,1
-71.49122998,41.01178045,1
-41.38126935,67.63254246,1
-53.3666687,49,1
-46.25924315,49.94573923,1
-49.13175272,67.6383691,1
-69.10332039,51.38803154,1
-51.3666687,47,1
-55.62817116,40.57842561,1
-67.51676056,47.34020524,1
-66.63142477,62.5191882,1
-50.3666687,46,1
-34.4319676,32.67373987,1
-58.13669239,44.42831517,1
-54.76687248,32.97536451,1
-50.3666687,46,1
-63.3424395,29.50199523,1
-58.51167082,49.09570058,1
-49.4893999,42.63845687,1
-119.1497157,93.78247419,1
-134.3666687,90,1
-130.3666687,87,1
-111.188387,98.29991477,1
-123.076957,77.02936543,1
-128.3666687,86,1
-119.4075595,89.8544221,1
-121.3984138,84.19851748,1
-124.3666687,84,1
-116.9689019,103.6689327,1
-121.3666687,81,1
-102.4032836,70.94671135,1
-126.9434188,88.0917554,1
-118.5992615,72.64332085,1
-116.3666687,77,1
-133.315092,82.39804233,1
-113.2271855,75.98516847,1
-107.187196,83.94671763,1
-111.3666687,72,1
-130.5793148,55.97602793,1
-129.6089814,69.3471033,1
-105.2155086,71.76866551,1
-107.3666687,67,1
-123.6995625,48.21508706,1
-123.2977525,57.45153412,1
-102.6116775,78.05362741,1
-101.3666687,61,1
-117.5926413,76.40144925,1
-96.40298671,70.8636018,1
-98.74075137,43.87369332,1
-97.3666687,56,1
-103.4047967,74.29856813,1
-89.6354047,50.51330158,1
-112.8684301,58.48237423,1
-94.3666687,53,1
-96.21994534,42.67271232,1
-111.2958782,58.09537167,1
-109.8539386,48.46976836,1
-91.3666687,47,1
-95.16653286,50.71321488,1
-74.95811299,43.2124373,1
-109.8078507,33.49524633,1
-88.3666687,42,1
-91.34178928,27.60536749,1
-80.4705267,35.43188367,1
-83.06494058,36.73296566,1
-84.3666687,35,1
-73.97707136,54.22477478,1
-76.16268472,23.51714286,1
-93.69087628,50.78064231,1
-78.3666687,22,1
-75.82859636,6.9943855,1
-89.59156268,24.01514091,1
-80.48122183,5.257007634,1
-73.3666687,12,1
-84.35971988,-3.072940024,1
-60.53132565,-4.753389252,1
-56.50883079,30.54624073,1
-66.3666687,3,1
-50.95617799,-14.55339543,1
-69.84595003,19.76554388,1
-57.74749538,22.14204917,1
-64.3666687,0,1
-58.16768897,-7.041127574,1
-47.01203179,-16.60756629,1
-71.62656428,-12.81584459,1
-58.3666687,-3,1
-67.11533168,-0.105125564,1
-51.12656853,-10.61029975,1
-51.20966018,8.098811115,1
-40.3666687,-13,1
-38.41244894,-28.45258389,1
-21.61902109,-7.298737552,1
-21.15790504,-3.129610628,1
-32.3666687,-18,1
-29.59043306,-18.08310803,1
-47.85749928,-11.58779748,1
-37.24909989,-2.506233507,1
-25.3666687,-23,1
-16.29072729,-3.225718852,1
-29.86208648,-31.98757591,1
-32.59751751,-12.58067744,1
-19.3666687,-28,1
-23.35306283,-34.86724692,1
-20.47626159,-39.84334617,1
-29.55967841,-38.11977255,1
-12.3666687,-34,1
-9.750840046,-46.29849198,1
-8.315381523,-49.49695459,1
-31.71569491,-20.48809284,1
-7.366668701,-40,1
-21.01181424,-54.30196861,1
-4.9322148,-31.53927073,1
-21.53686968,-20.97145231,1
-1.366668701,-47,1
0.471954944,-31.39279488,1
-19.36268304,-55.30651236,1
18.40809037,-42.44223715,1
2.633331299,-51,1
-13.19748646,-47.36533126,1
17.62885986,-50.52358687,1
-3.31102251,-67.82873235,1
10.6333313,-59,1
-6.420690417,-40.06639143,1
9.622813156,-42.4461803,1
8.073365368,-52.75903702,1
17.6333313,-66,1
16.79799143,-81.07942602,1
2.143170442,-82.97990603,1
9.503954083,-52.48599051,1
22.6333313,-70,1
25.25658717,-73.62882673,1
21.58626158,-82.58593468,1
3.87642623,-88.84483199,1
27.6333313,-74,1
43.54585288,-75.68645082,1
42.74638076,-92.10133535,1
42.0484564,-66.18387354,1
30.6333313,-78,1
13.13254456,-64.75175178,1
39.09065421,-61.4540946,1
12.73654134,-61.85952922,1
32.6333313,-80,1
39.66616107,-76.65201844,1
21.37538024,-99.68737235,1
23.15875386,-99.57869078,1
36.6333313,-84,1
42.45155085,-80.96475194,1
21.58105568,-98.31084381,1
17.27472252,-90.69506964,1
40.6333313,-88,1
53.68927556,-73.17513304,1
23.55540592,-82.59595796,1
35.86984939,-87.86261086,1
42.6333313,-90,1
49.60129272,-76.9390317,1
35.98600945,-106.6309586,1
35.59672257,-103.0449322,1
46.6333313,-93,1
28.4773047,-90.5912089,1
36.98616918,-109.1322851,1
39.05378804,-77.83293663,1
49.6333313,-97,1
29.88816907,-100.9099672,1
39.38605017,-80.80422323,1
50.92635567,-114.4866531,1
52.6333313,-101,1
59.02885649,-96.21478255,1
67.49131566,-115.161346,1
50.3475703,-93.19806954,1
57.6333313,-107,1
50.93218786,-124.9581112,1
40.99236363,-120.4793861,1
45.39929564,-89.99168368,1
59.6333313,-109,1
39.81909224,-104.0005931,1
58.76714189,-119.9260212,1
71.08178504,-97.849204,1
61.6333313,-110,1
70.33680493,-111.5067774,1
81.18659337,-104.0804262,1
78.31749707,-114.5362909,1
62.6333313,-111,1
54.92501276,-108.7460994,1
80.28430912,-109.0771248,1
58.43439564,-130.7190244,1
64.6333313,-113,1
54.68755061,-116.589446,1
76.57901145,-123.3544893,1
55.76063311,-118.1772406,1
65.6333313,-113,1
72.52735886,-117.5669847,1
49.48251043,-128.7453465,1
80.87672599,-126.2413432,1
67.6333313,-114,1
54.27222468,-118.4173948,1
51.231526,-119.6031411,1
63.84123758,-97.66708202,1
70.6333313,-116,1
53.38159882,-121.1626506,1
81.74283473,-104.7658866,1
81.49378856,-110.256842,1
74.6333313,-119,1
90.7649158,-102.317996,1
76.6775341,-101.1568103,1
64.36329073,-132.6227373,1
78.6333313,-121,1
62.23988019,-110.5336535,1
79.84089066,-107.9159153,1
92.51966839,-133.2184976,1
82.6333313,-125,1
77.80020105,-120.5702116,1
77.01499773,-116.0829088,1
70.18899147,-113.9061231,1
83.6333313,-125,1
77.62883695,-126.513883,1
84.6333313,-126,1
78.64759443,-127.9752309,1
85.6333313,-126,1
69.4818722,-117.8392862,1
71.12324387,-125.0206453,1
79.4005888,-130.868394,1
85.6333313,-126,1
90.8814681,-106.1256348,1
77.97080595,-113.8606056,1
91.76557528,-130.8003392,1
111.6333313,132,0
96.54432106,129.2191775,0
100.4446405,114.4098409,0
100.5240675,129.4778022,0
110.6333313,132,0
128.7283018,129.4236719,0
109.6333313,130,0
119.3499929,128.5134572,0
116.9108943,111.9696968,0
107.6333313,126,0
94.13601194,114.7219071,0
88.19685477,117.6911424,0
103.6333313,120,0
112.5021304,103.5575414,0
99.07711949,130.3199613,0
112.9893234,129.0048644,0
99.6333313,115,0
107.7755277,96.3552959,0
106.6801779,126.9516798,0
98.21314505,125.1359032,0
96.6333313,108,0
93.90622598,113.7788492,0
104.9646207,111.1008578,0
112.2056493,101.4479535,0
92.6333313,102,0
79.15651348,85.14644614,0
92.18583213,115.2117645,0
101.3108575,110.6894977,0
89.6333313,96,0
74.01531733,83.7841374,0
74.75175145,105.9928811,0
74.54096556,89.12489043,0
87.6333313,92,0
95.44665783,82.56252363,0
93.77877364,77.0098527,0
69.82621564,78.86730345,0
84.6333313,87,0
78.16392272,69.6972669,0
101.1267365,105.792633,0
73.74869124,105.3339738,0
81.6333313,83,0
69.69976256,69.36926624,0
70.87150364,88.4524141,0
82.11865082,93.77994618,0
78.6333313,78,0
94.45702224,91.10212254,0
70.12368723,86.79114493,0
87.72324042,86.84778168,0
75.6333313,75,0
68.48976586,90.96579411,0
68.61583986,63.08439303,0
66.49315094,94.69129148,0
72.6333313,70,0
71.15428601,64.09069377,0
79.62430018,86.36193493,0
79.70912509,59.72552922,0
69.6333313,67,0
52.97013541,53.57546605,0
70.86046308,54.91607088,0
74.2981975,79.00699359,0
65.6333313,62,0
56.70302355,63.8772437,0
72.7654853,65.97666484,0
51.15367784,71.09139412,0
62.6333313,57,0
49.40822671,75.88314006,0
57.8971597,73.35755862,0
55.94099338,65.95878448,0
60.6333313,56,0
55.51309699,70.72435915,0
68.64551392,65.85398862,0
63.61570316,41.6231002,0
59.6333313,54,0
50.37685913,52.35530771,0
41.15901252,58.50096208,0
79.26434396,42.7039036,0
56.6333313,51,0
75.81607905,65.69530901,0
61.0154329,44.91029394,0
38.55627115,56.94095996,0
52.6333313,45,0
40.3763512,31.17390048,0
64.56084269,41.66431313,0
40.17397988,50.02414736,0
49.6333313,42,0
31.88964882,42.00678684,0
44.44598604,58.63111593,0
30.64685914,38.46699904,0
47.6333313,40,0
45.8326164,21.82765625,0
39.85601577,43.46246094,0
67.58612978,49.06147941,0
45.6333313,37,0
49.30569896,50.53676869,0
49.94465857,18.84910023,0
47.76216036,24.15823199,0
44.6333313,35,0
41.9183269,27.55433087,0
32.57311199,50.10083736,0
,34.71432764,0
41.6333313,31,0
57.43340227,31.07039579,0
44.17343383,20.47972369,0
42.90557597,19.37901661,0
39.6333313,27,0
49.7682367,41.49711545,0
55.63034881,27.72179142,0
55.16225775,,0
38.6333313,26,0
27.05311089,39.95537616,0
54.24102028,27.82403147,0
20.11641872,20.44975698,0
37.6333313,22,0
31.74684756,3.464681496,0
37.86697909,19.79618155,0
35.16259213,30.50982854,0
35.6333313,19,0
24.20238493,14.64376803,0
52.32067704,27.47201373,0
45.07894298,38.2857827,0
34.6333313,17,0
47.92290486,24.58627357,0
45.8510644,5.676364583,0
16.47782262,13.82500559,0
31.6333313,12,0
41.06829999,8.281339659,0
32.59096709,20.67469432,0
27.91833242,29.85199136,0
30.6333313,11,0
23.07748381,22.56127069,0
12.40359872,-5.536535291,0
13.96384063,-1.566092494,0
29.6333313,8,0
31.19937418,20.81853405,0
20.47180337,-11.85245527,0
25.07313063,17.97831812,0
28.6333313,8,0
18.79276787,8.97633781,0
47.46038827,11.25105227,0
34.13038424,-2.865473778,0
28.6333313,7,0
15.13599427,24.45566395,0
28.95681629,12.17077686,0
34.5085325,5.538020931,0
7.633331299,-21,0
20.76638934,-35.7488255,0
14.1508467,-16.68670908,0
-5.311132708,-9.663387611,0
-3.366668701,-35,0
15.24351142,-40.7694233,0
-22.85877223,-37.91321799,0
-19.5446604,-21.93809231,0
-8.366668701,-43,0
10.21149648,-38.3612909,0
2.650080996,-29.81520177,0
-11.58005892,-23.14792766,0
-14.3666687,-49,0
-20.86104111,-33.70455634,0
2.694333679,-63.50284663,0
-7.304107682,-63.53656147,0
-16.3666687,-52,0
-2.11184748,-43.97515763,0
-25.32818151,-46.02745719,0
-3.345774844,-61.67401675,0
-19.3666687,-55,0
-16.89426769,-48.45220641,0
-32.20782068,-62.9998473,0
-24.61852737,-50.26046506,0
-24.3666687,-59,0
-40.51703146,-40.6053052,0
-27.21645719,-59.336595,0
-43.34095936,-61.42033512,0
-28.3666687,-63,0
-30.19641589,-45.47935352,0
-42.11176594,-70.10867843,0
-39.18954547,-51.17574818,0
-30.3666687,-65,0
-38.60624957,-48.67134959,0
-24.46288864,-53.32339635,0
-28.01937812,-84.82924415,0
-32.3666687,-67,0
-15.69186524,-86.56896458,0
-36.9588405,-48.19439438,0
-18.14859971,-77.94665174,0
-33.3666687,-68,0
-26.55605414,-73.04206088,0
-50.70882402,-72.87961957,0
-17.29931848,-62.73936485,0
-37.3666687,-72,0
-50.33469232,-74.15025945,0
-24.62236916,-78.41888918,0
-22.14335836,-55.19849981,0
-41.3666687,-75,0
-56.83859604,-88.22336229,0
-41.94658003,-79.95373139,0
-56.89748579,-93.41304512,0
-45.3666687,-79,0
-54.91463931,-72.56894623,0
-26.57665024,-78.11072242,0
-59.53675195,-72.82670543,0
-48.3666687,-82,0
-42.39862736,-90.19823012,0
-41.41768624,-63.4692357,0
-67.58788206,-97.08969627,0
-51.3666687,-84,0
-52.4504482,-103.0950291,0
-50.73425813,-78.19177811,0
-33.14337969,-70.65620736,0
-52.3666687,-85,0
-68.08674039,-83.4369256,0
-63.2729876,-98.5434776,0
-58.76216715,-66.04868742,0
-55.3666687,-88,0
-44.38961299,-83.73536004,0
-69.60436047,-93.32159936,0
-61.58096951,-105.2089459,0
-60.3666687,-94,0
-67.59798158,-86.21252702,0
-74.7119493,-83.4015986,0
-58.80519174,-78.57102033,0
-64.3666687,-100,0
-57.83437283,-106.5697765,0
-47.06912748,-96.26284037,0
-65.64620948,-117.0288192,0
-68.3666687,-103,0
-57.72106752,-86.91709324,0
-60.951522,-87.22278479,0
-78.730764,-105.4643923,0
-74.3666687,-108,0
-79.20127527,-110.9067756,0
-73.30087302,-125.4175065,0
-60.20680225,-90.18955995,0
-76.3666687,-111,0
-62.19333641,-94.51455137,0
-70.30793004,-95.10640976,0
-78.82438172,-92.24614819,0
-79.3666687,-114,0
-84.42033739,-129.1363821,0
-63.88617587,-120.1861473,0
-96.88559501,-101.4701852,0
-80.3666687,-116,0
-85.15365749,-128.7087964,0
-91.06033474,-100.7287134,0
-91.94717314,-134.6315018,0
-84.3666687,-118,0
-79.49611896,-119.2485403,0
-82.54211649,-102.2741347,0
-97.27139885,-130.8701535,0
-86.3666687,-120,0
-69.24708097,-122.7197672,0
-76.34860339,-106.2878466,0
-79.92389131,-107.4322736,0
-89.3666687,-122,0
-77.64482073,-131.9904459,0
-99.19958557,-107.6522957,0
-90.31607624,-104.360709,0
-93.3666687,-125,0
-82.34936609,-129.5017068,0
-90.56411591,-128.9843883,0
-77.57635318,-131.479133,0
-96.3666687,-129,0
-105.4091809,-126.5517734,0
-89.31096419,-111.1232317,0
-100.3666687,-132,0
-102.6381266,-113.9134584,0
-103.3666687,-133,0
-92.85224307,-128.0810754,0
-104.3666687,-134,0
-121.6650298,-120.1663044,0
-90.77972404,-129.9094805,0
-116.2328825,-122.4128173,0
-101.6565607,-124.2009825,0
-91.92629126,-127.2219527,0
-112.288379,-126.5745186,0
-120.6899537,-120.3415599,0
-126.410817,-120.840845,0
-93.06541996,-124.9346364,0
-119.0534515,-126.7835621,0
123.6333313,133,0
118.2950569,129.0677182,0
123.6333313,132,0
118.6333313,129,0
119.8847528,132.0924989,0
104.8015841,128.9073449,0
113.6333313,126,0
107.7232297,106.0139072,0
124.4668872,112.5600423,0
111.6333313,123,0
113.5236515,103.8890071,0
111.1791298,109.6257526,0
119.5594082,123.4344653,0
107.6333313,116,0
88.34622014,115.5832003,0
121.7399592,100.9875664,0
126.985067,109.3817589,0
103.6333313,111,0
89.57180854,93.69013656,0
87.47960281,113.3730014,0
118.1602884,124.2102906,0
97.6333313,103,0
105.3188263,107.7565261,0
79.43559147,102.5694143,0
81.63268394,91.9794555,0
91.6333313,94,0
73.28129346,99.01613207,0
105.818376,88.94766266,0
72.21505547,101.7399407,0
86.6333313,88,0
94.67069049,76.78015952,0
71.68810164,98.42634597,0
105.2481568,105.887511,0
78.6333313,81,0
93.79365857,100.2817522,0
65.4709775,89.34875539,0
73.28517916,83.90667559,0
71.6333313,73,0
67.20747809,83.81264609,0
74.75862143,92.74850998,0
76.85405196,79.61341857,0
65.6333313,68,0
73.87372589,75.21610333,0
84.58425299,82.75825595,0
54.88767457,86.14908859,0
63.6333313,66,0
51.05251129,85.59869195,0
43.89991154,62.20163976,0
71.93855883,53.02444991,0
61.6333313,61,0
41.8516268,76.08125149,0
71.2360557,69.56839254,0
52.1066146,76.70747301,0
58.6333313,58,0
56.81161303,51.96247056,0
,53.18219122,0
70.06207747,61.36759,0
56.6333313,55,0
40.05262525,62.95458884,0
62.18427161,50.06855741,0
43.86286004,43.03888155,0
52.6333313,51,0
36.12158567,52.75793504,0
46.85665808,53.70194965,0
59.24919499,48.75271303,0
49.6333313,47,0
63.44046472,32.69465249,0
31.70910249,30.75290129,0
60.67986238,56.52447478,0
47.6333313,43,0
47.14405739,47.84097063,0
40.25164341,55.59841404,0
43.3290978,37.71611021,0
44.6333313,38,0
51.22098314,30.16577161,0
56.20199066,26.03556388,0
27.88551593,48.77497695,0
42.6333313,35,0
29.51723013,44.09131839,0
43.49520249,23.09886565,0
29.23329212,23.09127495,0
39.6333313,30,0
55.32777319,20.90761987,0
34.5348397,16.93841715,0
43.89953281,14.32057558,0
37.6333313,25,0
55.40871865,13.41430847,0
21.96414621,16.27522696,0
33.50463611,28.9837874,0
35.6333313,21,0
16.99437693,27.98741509,0
39.75359437,34.32930823,0
16.88984981,30.444335,0
34.6333313,17,0
41.17567518,28.74626281,0
20.35265509,24.85145528,0
42.82159781,18.16638717,0
33.6333313,15,0
49.31305392,14.81882086,0
31.39653133,33.53614405,0
26.63479339,18.66798461,0
32.6333313,14,0
15.03151286,7.727490371,0
39.04375392,22.37632326,0
31.96310201,11.74939648,0
32.6333313,13,0
36.81487528,30.68375802,0
14.04397014,-2.013894543,0
30.07921432,-0.688054551,0
31.6333313,11,0
44.62878902,9.174955833,0
31.93418765,12.98210847,0
17.18573704,22.10907017,0
30.6333313,9,0
21.06227061,-6.515462456,0
10.90522915,-2.480560019,0
43.45257574,16.19861145,0
30.6333313,9,0
24.73401044,26.26809707,0
23.65101564,24.12427089,0
43.54050342,3.137472999,0
-23.3666687,-43,0
-15.6306902,-62.90479022,0
-42.64195941,-24.69053763,0
-27.80943153,-58.22436595,0
-24.3666687,-44,0
-20.96759221,-42.58524708,0
-4.471375876,-53.10173699,0
-5.589424081,-60.11169842,0
-26.3666687,-45,0
-18.00988299,-42.7484115,0
-13.16608665,-35.18825574,0
-18.47188515,-29.8166019,0
-29.3666687,-49,0
-16.82669912,-56.24373097,0
-37.39175331,-50.14610415,0
-11.56212554,-67.87556421,0
-36.3666687,-55,0
-26.47293602,-57.6317088,0
-19.45127277,-63.94226242,0
-45.54189164,-38.52928166,0
-40.3666687,-59,0
-23.78158068,-44.67479273,0
-21.12604737,-66.30162753,0
-36.59789996,-44.53605642,0
-47.3666687,-65,0
-58.53454148,-77.96658587,0
-41.46758336,-50.29840356,0
-62.97582802,-45.97526575,0
-54.3666687,-70,0
-43.32648612,-60.39700602,0
-39.45800494,-67.22307984,0
-68.03350425,-52.09708947,0
-60.3666687,-76,0
-42.63050303,-74.93633471,0
-80.11916871,-67.98545218,0
-72.50102636,-95.90862767,0
-67.3666687,-82,0
-85.56137169,-67.02917726,0
-84.85040334,-87.7973499,0
-69.41655412,-74.35807482,0
-73.3666687,-88,0
-68.73714201,-96.13646504,0
-61.05148784,-103.6357413,0
-56.33265334,-100.4683876,0
-80.3666687,-93,0
-72.77551613,-107.2330687,0
-74.12605404,,0
-91.4295895,-88.19731819,0
-85.3666687,-97,0
-74.84216936,-105.8449023,0
-105.3113768,-109.5766872,0
-95.38488431,-95.18921056,0
-92.3666687,-102,0
-104.1647864,-102.3879008,0
-75.41316108,-116.8345921,0
-93.28579781,-90.14431232,0
-94.3666687,-104,0
-75.26100299,-115.7913112,0
-85.24115277,-115.9864066,0
-90.13662839,-92.20633252,0
-99.3666687,-108,0
-81.87010614,-110.7486943,0
-94.74876314,-114.0283528,0
-88.85127608,-123.0195253,0
-105.3666687,-113,0
-87.75008834,-105.8305817,0
-123.2261656,-118.0951284,0
-114.8634511,-102.8545104,0
-108.3666687,-115,0
-103.6234876,-126.0282412,0
-91.59137142,-99.79130017,0
-93.08831503,-115.7472791,0
-109.3666687,-116,0
-105.1399002,-120.6735141,0
-92.72509665,-127.510115,0
-91.55524956,-109.0770939,0
-111.3666687,-117,0
-129.1235082,-106.8900206,0
-118.2926615,-118.0029911,0
-124.6395551,-128.8342174,0
-113.3666687,-119,0
-130.5317527,-132.5431622,0
-104.3930188,-107.0109309,0
-114.3666687,-121,0
-96.80500773,-131.5738368,0
-112.3353134,-115.1611186,0
-102.3437566,-127.0709894,0
-116.3666687,-122,0
-114.1728207,-112.7639903,0
-118.3565084,-106.1644884,0
-117.3666687,-123,0
-104.6204229,-125.4595721,0
-132.0911008,-128.7159975,0
-117.3666687,-124,0
-131.894433,-133.8480324,0
-117.3666687,-124,0
-133.0781168,-117.7094361,0
-134.3691605,-132.7472332,0
-118.1420755,-106.4921825,0
131.6333313,103,0
128.4776271,91.79480875,0
130.6333313,100,0
129.5037726,81.15200195,0
117.7657078,103.4670437,0
126.6333313,94,0
128.1411334,82.11802625,0
122.6333313,88,0
117.9956819,107.0945279,0
113.6483471,70.99706688,0
119.6333313,84,0
120.9832909,71.0173701,0
124.4810654,93.87598524,0
123.4966782,87.23286945,0
115.6333313,79,0
117.8888187,72.40229848,0
133.7901757,71.99404443,0
120.7800074,95.92342597,0
110.6333313,72,0
93.72678896,65.53905981,0
104.7312543,76.80470746,0
111.7027018,76.07722403,0
106.6333313,68,0
99.31612182,48.02283705,0
116.2858264,86.42380991,0
103.0752801,59.07940373,0
100.6333313,62,0
92.28316887,77.37606235,0
105.3628944,71.11787636,0
115.286676,66.68987874,0
96.6333313,58,0
111.5330259,73.63169123,0
104.3443309,39.92234669,0
92.50674338,48.75817521,0
94.6333313,56,0
101.310375,46.993822,0
96.50299054,59.90209402,0
80.18101125,51.79375377,0
88.6333313,52,0
105.8864498,44.52426515,0
70.64716822,52.82722186,0
78.70979328,61.2122261,0
83.6333313,49,0
92.87746462,55.08578519,0
69.62057638,34.70650469,0
86.3606019,53.81463922,0
79.6333313,46,0
97.81663642,40.72933471,0
97.25819573,63.93172283,0
61.4158548,37.88835573,0
76.6333313,45,0
76.99572757,37.40298325,0
93.2665413,53.94950932,0
88.07954995,44.63552976,0
72.6333313,42,0
82.06507445,33.5364022,0
81.1970346,35.48954137,0
67.85697371,38.95389649,0
66.6333313,99009998,0
47.27404161,50.84577807,0
66.22501523,48.00962384,0
60.09138434,44.62663981,0
63.6333313,35,0
72.9719001,53.901978,0
59.12501924,34.91378762,0
70.10314324,49.77432116,0
56.6333313,28,0
59.47075272,42.94311735,0
64.23329701,32.28739526,0
41.58417817,20.27815502,0
49.6333313,22,0
48.57572747,18.99137357,0
44.03137058,17.35063307,0
63.07288175,33.08579017,0
42.6333313,15,0
60.05193992,18.1811031,0
42.26351051,5.038549995,0
54.78412596,-2.746990043,0
41.6333313,15,0
24.03916094,23.09554765,0
48.907818,32.89813029,0
49.84336021,1.603815175,0
41.6333313,13,0
55.13812448,3.63582425,0
21.82974425,22.09407138,0
39.65859489,21.86082355,0
40.6333313,12,0
21.10187893,28.37555978,0
38.80661309,21.87651256,0
35.34667596,28.20737325,0
32.6333313,0,0
36.26882284,-11.16260867,0
51.60548707,-16.36063717,0
44.73084047,6.776837475,0
20.6333313,-15,0
17.89502366,-12.76054356,0
35.01393866,-16.14593554,0
27.4323469,-31.62109104,0
15.6333313,-21,0
18.66164489,-38.99411776,0
-0.115884822,-38.83751674,0
33.75052833,-30.57772521,0
9.633331299,-27,0
18.08689357,-11.26457461,0
17.30544815,-25.73954575,0
-0.425273182,-34.86340465,0
3.633331299,-32,0
15.53073858,-14.03597914,0
-14.5760325,-22.03998972,0
-13.41673672,-16.84204553,0
-5.366668701,-40,0
-16.50020991,-42.4075098,0
-19.10019976,-48.02044939,0
4.393738617,-56.66995237,0
-10.3666687,-44,0
-28.0567531,-40.86716971,0
4.795396003,-26.04100362,0
-10.25764085,-62.45814686,0
-14.3666687,-47,0
0.489839553,-36.50064684,0
-2.837082499,-66.44259073,0
-4.124797038,-64.53891488,0
-17.3666687,-50,0
-31.44102852,-68.61764126,0
-29.44858692,-60.41003992,0
-19.90725649,-33.83180836,0
-23.3666687,-55,0
-20.06892362,-66.79313939,0
-9.124370043,-65.06377745,0
-8.757531826,-56.16050162,0
-27.3666687,-59,0
-26.04123843,-51.32132045,0
-15.6908282,-62.7517432,0
-34.89496071,-65.54664927,0
-32.3666687,-63,0
-20.53340261,-59.86856234,0
-50.58453737,-66.26014778,0
-36.119127,-59.38203751,0
-36.3666687,-69,0
-30.32529375,-76.71111261,0
-20.96315811,-84.47536684,0
-25.0374036,-73.42682085,0
-42.3666687,-74,0
-29.60373864,-91.44918496,0
-24.75026601,-71.90159525,0
-49.61242103,-78.17507215,0
-45.3666687,-77,0
-36.14760625,-77.25836071,0
-55.9880825,-81.64290317,0
-56.36527052,-88.30600423,0
-51.3666687,-84,0
-32.26948015,-81.30227444,0
-36.02696584,-93.73145605,0
-50.51911803,-82.99677174,0
-54.3666687,-89,0
-44.41608452,-87.84188569,0
-73.28097152,-93.4487752,0
-56.49943828,-75.9515842,0
-60.3666687,-96,0
-53.31900543,-86.90500246,0
-41.89992059,-78.90387472,0
-68.34142475,-94.41378025,0
-65.3666687,-100,0
-53.43074087,-84.24866449,0
-59.44507937,-108.5768488,0
-53.77747349,-102.4004682,0
-72.3666687,-106,0
-80.57432238,-91.35245238,0
-81.69824504,-94.01802076,0
-66.70515924,-90.19380311,0
-78.3666687,-110,0
-69.32066403,-106.5808459,0
-96.44678197,-127.8468045,0
-79.71531824,-109.5993225,0
-83.3666687,-112,0
-89.00767783,-131.9543285,0
-63.72837823,-131.9840261,0
-63.51551294,-131.246068,0
-86.3666687,-113,0
-81.12114315,-108.4427332,0
-94.58322518,-111.0789194,0
-103.2432854,-107.2777677,0
-93.3666687,-115,0
-87.54779518,-128.7485209,0
-103.8856238,-119.3660711,0
-79.05415079,-98.10858412,0
-99.3666687,-117,0
-95.09751737,-105.4562235,0
-106.7120159,-131.2431214,0
-99.59304948,-120.4859829,0
-103.3666687,-118,0
-106.7165355,-121.8782745,0
-121.9542488,-106.7274004,0
-107.4548834,-134.3025976,0
-106.3666687,-119,0
-88.50522767,-124.6074722,0
-121.7839121,-134.4193936,0
-118.201674,-131.6576703,0
-111.3666687,-119,0
-111.9782069,-132.1500644,0
-95.87477028,-106.2134733,0
-111.7816422,-112.8770327,0
-114.3666687,-121,0
-126.5845336,-133.3610181,0
-130.3621602,-129.2882382,0
-118.3666687,-123,0
-123.3406807,-118.902138,0
-130.8192288,-132.896537,0
-120.3666687,-123,0
-105.2983999,-128.17032,0
-120.0545214,-109.5334239,0
-121.3666687,-124,0
-103.7653556,-131.2288861,0
-127.1561408,-112.8353563,0
-133.8868326,-106.7268738,0
-120.3666687,-124,0
-118.3609519,-124.750579,0
-115.6679276,-125.1573409,0
-128.3957328,-110.2819535,0
-104.3666687,-110,0
-93.80523736,-103.7782159,0
-105.998459,-126.5091906,0
-88.82546156,-108.660331,0
-101.3666687,-107,0
-111.1275756,-95.30949575,0
-81.70864801,-96.44221719,0
-100.8536668,-118.7892681,0
-98.3666687,-106,0
-78.86984693,-105.2876515,0
-92.17721309,-113.5129089,0
-94.36850842,-86.52389729,0
-84.3666687,-98,0
-89.39489527,-106.6417398,0
-88.75327633,-100.9276339,0
-97.74612678,-101.1206921,0
-72.3666687,-91,0
-89.05007314,-98.18111378,0
-62.43863879,-105.414865,0
-78.36379996,-73.96479162,0
-59.3666687,-82,0
-58.62964913,-81.64352377,0
-49.25214284,-71.40997531,0
-56.1488394,-97.65320558,0
-54.3666687,-79,0
-64.37538156,-68.41039836,0
-64.68685781,-95.11836424,0
-56.25810009,-86.73374467,0
-50.3666687,-75,0
-35.00559551,-64.49508882,0
-54.11585406,-88.9670202,0
-66.8459591,-73.27939135,0
-46.3666687,-73,0
-55.42305665,-71.00199039,0
-42.53969782,-92.20132591,0
-46.16973823,-74.56018978,0
-44.3666687,-69,0
-34.2386738,-57.51565349,0
-42.72525516,-57.4913971,0
-49.54202915,-64.51382454,0
-43.3666687,-67,0
-43.85664513,-59.60529329,0
-35.20793029,-67.84385458,0
-53.04685139,-50.78823759,0
-41.3666687,-61,0
-52.51766231,-68.18292254,0
-53.06865078,-47.45295189,0
-57.8421461,-54.70571496,0
-38.3666687,-55,0
-22.34173524,-55.48071342,0
-39.9218889,-37.37007148,0
-21.58141243,-38.06579992,0
-33.3666687,-49,0
-38.26237101,-64.38560481,0
-26.30001245,-49.35741278,0
-31.30379387,-66.81932014,0
-31.3666687,-45,0
-38.40236372,-26.17719891,0
-17.67869874,-50.50576569,0
-43.97174336,-61.68367965,0
-30.3666687,-44,0
-24.87622421,-32.77969352,0
-48.04262079,-40.82817096,0
-32.10525208,-58.35122284,0
-32.3666687,-44,0
-39.34046607,-39.70721439,0
-18.76560342,-40.42323536,0
-17.42323724,-59.63884812,0
-46.3666687,-51,0
-28.69336952,-34.43460375,0
-48.96795961,-65.92999354,0
-28.44828359,-59.7200768,0
-57.3666687,-58,0
-74.39803637,-69.91544866,0
-69.67630129,-75.61827132,0
-40.66477193,-75.31282723,0
-62.3666687,-64,0
-61.43233136,-56.43010472,0
-49.98750583,-78.21144139,0
-64.35675337,-62.93713184,0
-65.3666687,-66,0
-84.03300881,-82.92637434,0
-53.59092984,-58.99463995,0
-73.0343857,-79.83572922,0
-68.3666687,-70,0
-82.35392022,-79.27170286,0
-53.77691101,-65.11522673,0
-86.14660251,-64.58696956,0
-70.3666687,-72,0
-82.16430021,-60.57394574,0
-53.24421339,-56.60362019,0
-61.15884247,-73.34777128,0
-71.3666687,-73,0
-67.08178407,-92.3151469,0
-52.35792094,-58.77741008,0
-62.34007511,-87.28319729,0
-71.3666687,-74,0
-79.24898498,-70.69496509,0
-56.13627859,-54.12495373,0
-74.42401607,-85.0145808,0
-64.3666687,-71,0
-60.85458296,-76.19508339,0
-64.15211589,-88.45922027,0
-61.62150554,-61.4299811,0
-50.3666687,-60,0
-45.40460901,-72.06922088,0
-38.37079963,-79.13132696,0
-68.25587322,-41.01176738,0
-35.3666687,-42,0
-53.84427825,-59.06771718,0
-35.66700748,-23.72561121,0
-51.09716857,-56.94369933,0
-28.3666687,-29,0
-9.922270926,-22.09850373,0
-27.39543109,-9.301257605,0
-41.68030805,-14.37986816,0
-14.3666687,-11,0
-24.43119672,-30.99168022,0
-24.80458209,7.375129905,0
0.503348929,3.310545067,0
-3.366668701,7,0
-22.90660987,25.75278698,0
2.030150842,24.33935042,0
-10.14987332,-8.040993448,0
5.633331299,21,0
12.11142551,27.88458508,0
19.18104641,32.45434615,0
-5.469539969,38.8598521,0
11.6333313,29,0
26.08868026,33.28364512,0
7.041626243,22.11991139,0
17.99638173,36.00198154,0
16.6333313,36,0
32.73085663,21.9034398,0
14.47912062,25.35178245,0
36.46518801,49.63902593,0
22.6333313,42,0
7.350991147,30.4115838,0
5.451533509,56.12834261,0
30.1435362,42.66139246,0
27.6333313,47,0
34.94733856,36.90918531,0
10.16464169,63.32625095,0
18.33274714,40.65961942,0
32.6333313,51,0
22.59646927,53.82493162,0
41.69978892,55.91102823,0
49.62899379,53.44876534,0
37.6333313,54,0
52.46172205,43.77002118,0
35.39990473,39.32287211,0
25.10993541,53.73202303,0
40.6333313,57,0
53.59342149,44.19798203,0
31.44072054,52.97562809,0
55.51596917,57.74984321,0
45.6333313,60,0
36.50212971,47.51528739,0
32.62951239,79.09524677,0
38.44288384,70.67660118,0
48.6333313,62,0
33.5164068,77.80731218,0
43.36613538,65.34097366,0
31.78245726,57.5074902,0
53.6333313,65,0
62.50129593,64.72441211,0
65.82700599,56.64682927,0
39.98243952,46.18872187,0
59.6333313,68,0
56.45433089,65.39687319,0
48.56652646,71.37725486,0
51.52777342,64.01080686,0
65.6333313,72,0
67.15786016,74.94333975,0
52.46047862,61.80842589,0
45.74886637,82.55091007,0
68.6333313,75,0
59.87417244,85.02512937,0
78.32028031,94.46047877,0
81.77041517,56.92928197,0
75.6333313,79,0
56.39576498,68.18939799,0
67.00132194,78.9688653,0
87.05574449,85.08346282,0
79.6333313,82,0
78.06456045,71.39218822,0
87.3797315,69.58306264,0
64.61113042,79.71505482,0
83.6333313,86,0
65.42242906,75.82908572,0
72.25675264,97.90395612,0
68.39801356,94.82502999,0
87.6333313,90,0
98.17227038,88.77827551,0
104.729054,80.66369459,0
85.49304233,88.56713263,0
89.6333313,92,0
75.69624234,97.5948886,0
75.37913692,104.8691525,0
80.59704928,76.12375659,0
90.6333313,93,0
74.89993988,90.48514404,0
92.39808317,96.39062646,0
100.5839873,83.52550617,0
92.6333313,95,0
95.73233676,92.54094693,0
85.30327575,97.67980554,0
80.47391931,96.88279171,0
93.6333313,97,0
109.5350943,87.0558628,0
111.455605,98.62834918,0
109.775012,109.7056232,0
95.6333313,99,0
85.78853373,104.3949997,0
78.33873438,93.78292939,0
91.6342593,80.05405332,0
97.6333313,103,0
114.9821706,119.1865046,0
94.18539791,90.40373186,0
110.3636363,103.571777,0
98.6333313,107,0
87.47799234,104.594514,0
82.83091028,114.4571996,0
107.2769854,87.07545139,0
100.6333313,110,0
105.8992871,122.5881361,0
89.54808131,127.2902722,0
87.30011506,116.7117712,0
104.6333313,117,0
121.5322319,120.3576087,0
105.5384377,113.1037829,0
96.62059293,97.33603747,0
108.6333313,121,0
118.2365272,116.9127136,0
122.2918524,115.0148567,0
127.7069211,106.8962793,0
110.6333313,125,0
128.0275735,115.2204565,0
103.6036238,110.8746286,0
102.3651535,109.7023776,0
111.6333313,126,0
127.844345,107.1149098,0
95.37357307,129.8602064,0
112.6333313,126,0
132.1199777,123.3867227,0
117.3182916,111.8299854,0
104.6089226,134.9297479,0
114.6333313,126,0
133.0036009,130.7688051,0
131.9796212,114.9486235,0
102.5300245,130.21853,0
116.6333313,126,0
119.0178705,109.6293447,0
112.9222835,108.7212101,0
98.70122589,112.1041879,0
117.6333313,123,0
114.269296,112.96093,0
130.2641447,126.9375576,0
118.6333313,114,0
112.6783579,131.9387706,0
134.1779604,96.04050771,0
105.3946641,117.7761645,0
118.6333313,110,0
107.1211433,118.5094208,0
125.8620168,108.0175036,0
100.9495461,98.51758602,0
114.6333313,99,0
128.5680029,114.9572577,0
114.3394923,82.42533367,0
98.24872757,100.82965,0
103.6333313,83,0
122.7889397,96.52752425,0
88.00013177,95.43092809,0
89.6968175,94.08374153,0
98.6333313,79,0
115.0410434,68.89149323,0
86.70928155,76.7483362,0
107.7948093,75.18973004,0
91.6333313,73,0
106.6776203,92.5102963,0
109.3302393,58.7817359,0
94.13871974,63.48128221,0
78.6333313,63,0
83.23611533,48.89396856,0
96.02304799,67.55458322,0
89.34748439,72.12682125,0
71.6333313,57,0
78.07817365,73.14483854,0
52.33129,38.05772831,0
75.2022978,68.85800646,0
55.6333313,45,0
75.17749869,25.90167999,0
38.93004521,27.75132474,0
39.77121918,41.35157031,0
41.6333313,36,0
36.8040581,53.33609523,0
43.69820963,18.06700846,0
26.60225128,44.97561966,0
31.6333313,27,0
35.09695201,29.41837031,0
44.08578832,16.60079017,0
49.34164069,20.06630555,0
23.6333313,21,0
14.99928212,4.087246535,0
43.23252076,17.0002497,0
32.19336907,35.3993819,0
5.633331299,8,0
-9.462272476,-11.97785643,0
3.284386184,21.55611628,0
21.48875189,15.90387708,0
-6.366668701,-2,0
2.51242298,-5.425932297,0
-21.46958571,-20.35867839,0
-20.11243635,-3.257139409,0
-17.3666687,-14,0
-7.550567789,-32.85033805,0
-8.535892249,-4.245794133,0
-17.85127147,-12.55760236,0
-22.3666687,-21,0
-18.04795106,-9.255964937,0
-20.70259253,-35.04405355,0
-10.9683448,-35.9889196,0
-29.3666687,-31,0
-24.95275519,-21.16437651,0
-14.34623132,-35.26175448,0
-29.81535557,-19.72553234,0
-37.3666687,-43,0
-22.39684792,-49.28586014,0
-39.5436527,-32.65433488,0
-39.79126387,-44.75567505,0
-49.3666687,-59,0
-54.85851518,-72.45900141,0
-49.46790632,-57.31930068,0
-29.67246605,-68.37311407,0
-69.3666687,-79,0
-62.6224382,-62.02314781,0
-73.0795836,-75.04019415,0
-59.31585552,-72.5135633,0
-79.3666687,-87,0
-88.41305213,-79.63529974,0
-88.79542154,-100.2905138,0
-77.26423377,-101.7341853,0
-82.3666687,-91,0
-91.96686317,-101.1171038,0
-95.11029578,-90.65128333,0
-78.91249052,-80.91424864,0
-90.3666687,-96,0
-87.35131578,-108.8669177,0
-80.43737666,-104.4307613,0
-110.0566325,-96.02856303,0
-98.3666687,-102,0
-111.2490305,-109.6984288,0
-114.8920194,-111.8564982,0
-82.68373462,-116.4053266,0
-102.3666687,-105,0
-88.67644794,-98.82019373,0
-103.0136356,-104.3156268,0
-89.84512384,-116.9303022,0
-109.3666687,-112,0
-102.3900135,-124.2018587,0
-123.9112279,-124.874763,0
-122.3978813,-98.83163442,0
-112.3666687,-115,0
-119.900861,-97.76397532,0
-121.3161847,-95.34489048,0
-124.9590586,-133.4631601,0
-115.3666687,-120,0
-118.1794224,-116.3217448,0
-97.71276412,-126.1206509,0
-114.0258817,-108.9776031,0
-119.3666687,-125,0
-103.7231524,-133.5861353,0
-107.1364813,-122.2164411,0
-116.693236,-128.6268595,0
-122.3666687,-130,0
-123.3666687,-132,0
-116.7565237,-116.73066,0
-125.3666687,-133,0
-108.6706071,-118.0605605,0
-124.3666687,-134,0
-132.6316886,-117.5182792,0
-126.2671363,-123.706444,0
-130.8766443,-128.0153056,0
-114.9465225,-134.8761321,0
-94.37356009,-134.1857213,0
-107.8062632,-125.8893739,0
-102.7889485,-126.1109844,0
-106.9745486,-133.7360234,0
-79.51006511,-125.6248037,0
-99.51141115,-131.5557949,0
-89.55681461,-126.8773506,0
-75.69485146,-126.9435659,0
-100.9703336,-119.7967165,0
-78.53170536,-117.9340908,0
-82.3666687,-133,0
-72.08503611,-127.0703448,0
-80.3666687,-132,0
-77.3666687,-131,0
-72.14420406,-124.3826643,0
-72.11534264,-134.3808222,0
-72.3666687,-128,0
-69.07964493,-133.7990787,0
-75.14170031,-133.1552583,0
-69.3666687,-127,0
-60.28192665,-133.4781983,0
-63.3666687,-123,0
-51.13508237,-111.1439339,0
-80.83287464,-122.786322,0
-71.53634106,-129.875468,0
-57.3666687,-120,0
-55.55165284,-127.8185975,0
-48.29028607,-112.8749449,0
-66.58715396,-131.9599431,0
-51.3666687,-113,0
-60.27723845,-123.730977,0
-59.30282936,-130.3387731,0
-54.21624114,-131.6870211,0
-48.3666687,-107,0
-50.34085871,-126.9779688,0
-60.93494836,-105.7852802,0
-45.58235873,-93.89892674,0
-44.3666687,-100,0
-58.95592087,-95.51000125,0
-37.48779198,-118.2283858,0
-49.00947787,-91.8074397,0
-37.3666687,-85,0
-33.25985629,-96.14482829,0
-31.82133462,-104.0036284,0
-38.29403012,-96.21216438,0
-30.3666687,-71,0
-27.35823354,-51.11207277,0
-16.58922079,-70.44440962,0
-33.38874039,-84.48733128,0
-26.3666687,-63,0
-29.76025505,-68.04097552,0
-32.17474735,-76.02185709,0
-38.91954852,-68.21428491,0
-20.3666687,-51,0
-4.982538617,-63.35544849,0
-26.70397824,-40.93437845,0
-38.89919869,-66.42277645,0
-15.3666687,-41,0
-2.875352894,-32.86319086,0
-8.046253625,-38.97153516,0
-13.46086463,-54.9424846,0
-10.3666687,-34,0
-16.45548515,-33.41752304,0
-10.55554204,-26.11656811,0
-6.961106535,-30.31499568,0
-6.366668701,-29,0
7.737207304,-14.97098816,0
5.386421505,-13.19142894,0
3.618129369,-20.3368801,0
3.633331299,-17,0
-11.77630994,-27.10466172,0
-10.86872806,-5.29187018,0
-1.551215936,-25.27982811,0
8.633331299,-10,0
10.90427236,7.960575153,0
8.321352106,7.344368153,0
12.34433377,-19.50100585,0
15.6333313,-1,0
7.39600464,3.956896513,0
2.918378495,-15.34872245,0
-0.495267351,-10.78316135,0
24.6333313,14,0
42.20051742,17.81272071,0
38.20489213,23.98242401,0
36.73148103,-0.66296359,0
29.6333313,20,0
38.19606247,8.908917652,0
45.05992801,8.938893515,0
30.53764546,15.92525655,0
39.6333313,30,0
31.82119769,30.69424735,0
31.83506721,13.21318427,0
29.79624207,33.3497234,0
49.6333313,42,0
38.90051484,49.19268286,0
37.51118137,60.1807301,0
56.10566837,31.22786171,0
54.6333313,47,0
38.30423368,54.09398842,0
52.06643738,49.10356893,0
62.40177821,51.94673626,0
60.6333313,53,0
61.29531269,35.18153602,0
74.62574006,33.87355587,0
59.59645044,53.40873339,0
68.6333313,61,0
76.75480985,62.51334242,0
62.32257357,68.83424943,0
70.07021008,67.43443036,0
72.6333313,64,0
75.03814024,47.03419682,0
74.19221111,55.53714787,0
90.96706364,44.59789254,0
77.6333313,69,0
86.62251481,53.97163338,0
87.5222515,71.16288039,0
84.73258815,52.56437303,0
80.6333313,72,0
99.2450411,74.16867044,0
61.28743395,76.60029759,0
93.50175541,60.84409635,0
86.6333313,78,0
77.44779736,97.78689546,0
97.55962995,78.43957865,0
102.7701361,80.54634059,0
90.6333313,84,0
87.14944676,80.92213403,0
87.52787036,72.40516214,0
96.67356941,72.02885095,0
94.6333313,89,0
105.7985093,108.7592432,0
102.0436735,105.6439023,0
104.4925008,90.0854194,0
96.6333313,91,0
76.9241981,91.11424236,0
88.12963886,107.514918,0
98.71411191,89.64311724,0
96.6333313,91,0
85.67394043,103.8392705,0
78.95886223,78.60537073,0
109.6240088,99999999,0
